date,user,message
"1/6/23, 22:43 - ",group_notification,"Messages and calls are end-to-end encrypted. No one outside of this chat, not even WhatsApp, can read or listen to them. Tap to learn more.
"
"1/6/23, 22:43 - ",Abimuktheshwar NDA,"Bro
"
"1/6/23, 22:43 - ",Abimuktheshwar NDA,"I wanted to talk to u only
"
"1/6/23, 22:43 - ",Abimuktheshwar NDA,"Hows life
"
"1/6/23, 22:47 - ",Kiyotaka Ayanokoji,"Heya broğŸ˜
"
"1/6/23, 22:48 - ",Kiyotaka Ayanokoji,"Bro my life full fucked up
"
"1/6/23, 22:48 - ",Kiyotaka Ayanokoji,"Rejected by a girl and exams are near
"
"1/6/23, 22:48 - ",Kiyotaka Ayanokoji,"Still no tension
"
"1/6/23, 22:51 - ",Abimuktheshwar NDA,"Brrooo whom did u propose
"
"1/6/23, 22:51 - ",Abimuktheshwar NDA,"Jee?
"
"1/6/23, 22:59 - ",Kiyotaka Ayanokoji,"Yeah bro giving but exams are collapsing
"
"1/6/23, 22:59 - ",Kiyotaka Ayanokoji,"Tanishka from cllg
"
"1/6/23, 22:59 - ",Kiyotaka Ayanokoji,"<Media omitted>
"
"1/6/23, 23:05 - ",Abimuktheshwar NDA,"How did u prop her
"
"1/6/23, 23:05 - ",Abimuktheshwar NDA,"Lile simply?
"
"1/6/23, 23:05 - ",Abimuktheshwar NDA,"Or did u try talkinh to her
"
"1/6/23, 23:08 - ",Kiyotaka Ayanokoji,"Lemme share ss
"
"1/6/23, 23:09 - ",Kiyotaka Ayanokoji,"<Media omitted>
"
"1/6/23, 23:10 - ",Abimuktheshwar NDA,"ğŸ™‚ğŸ’”
"
"1/6/23, 23:10 - ",Kiyotaka Ayanokoji,"Ab toh aadat h bro
"
"1/6/23, 23:10 - ",Kiyotaka Ayanokoji,"rejection ki
"
"1/6/23, 23:10 - ",Kiyotaka Ayanokoji,"So im fyn
"
"1/6/23, 23:10 - ",Abimuktheshwar NDA,"We too have confession bro
"
"1/6/23, 23:10 - ",Abimuktheshwar NDA,"Insta page
"
"1/6/23, 23:10 - ",Kiyotaka Ayanokoji,"But im not talking to her now
"
"1/6/23, 23:10 - ",Abimuktheshwar NDA,"Broo but still
"
"1/6/23, 23:10 - ",Abimuktheshwar NDA,"Come gimme a hugğŸ™‚ğŸ«‚
"
"1/6/23, 23:10 - ",Kiyotaka Ayanokoji,"Demn cool share id i will post ursğŸ˜†
"
"1/6/23, 23:11 - ",Kiyotaka Ayanokoji,"ğŸ«‚ğŸ«‚ğŸ«‚ğŸ«‚ğŸ¥¹
"
"1/6/23, 23:11 - ",Abimuktheshwar NDA,"Yeah bro u cant be same aftr rejectionğŸ™‚
"
"1/6/23, 23:11 - ",Abimuktheshwar NDA,"No need bro ğŸŒ
"
"1/6/23, 23:11 - ",Kiyotaka Ayanokoji,"Thats i was what looking for... Only u understand me bro
"
"1/6/23, 23:11 - ",Abimuktheshwar NDA,"Already a girl
"
"1/6/23, 23:11 - ",Abimuktheshwar NDA,"From old school
"
"1/6/23, 23:11 - ",Abimuktheshwar NDA,"Met me and she was so sooo
"
"1/6/23, 23:11 - ",Abimuktheshwar NDA,"Like mad
"
"1/6/23, 23:11 - ",Abimuktheshwar NDA,"She was literally
"
"1/6/23, 23:11 - ",Abimuktheshwar NDA,"Like mad
"
"1/6/23, 23:11 - ",Abimuktheshwar NDA,"She said she got butterflies seeing me
"
"1/6/23, 23:11 - ",Abimuktheshwar NDA,"And all
"
"1/6/23, 23:11 - ",Kiyotaka Ayanokoji,"ğŸ˜ğŸ˜ğŸ˜„
"
"1/6/23, 23:12 - ",Kiyotaka Ayanokoji,"Awesome bro
"
"1/6/23, 23:12 - ",Abimuktheshwar NDA,"And said that she never felt this before
"
"1/6/23, 23:12 - ",Abimuktheshwar NDA,"ğŸ¤£ğŸ¤£ğŸ¤£
"
"1/6/23, 23:12 - ",Abimuktheshwar NDA,"But i have zero interest broğŸ™‚
"
"1/6/23, 23:12 - ",Abimuktheshwar NDA,"Bro ur mistake is that
"
"1/6/23, 23:12 - ",Abimuktheshwar NDA,"U rushed so fast
"
"1/6/23, 23:12 - ",Abimuktheshwar NDA,"U should have been a good frnd with her and all
"
"1/6/23, 23:12 - ",Kiyotaka Ayanokoji,"Bro u turning into gay ?ğŸ¥²
"
"1/6/23, 23:12 - ",Abimuktheshwar NDA,"And she should like by ur personality
"
"1/6/23, 23:12 - ",Abimuktheshwar NDA,"Think so broğŸ™‚
"
"1/6/23, 23:12 - ",Kiyotaka Ayanokoji,"Yeah bro... I rushedğŸ™ƒ
"
"1/6/23, 23:13 - ",Kiyotaka Ayanokoji,"Im trying to ignore her fully
"
"1/6/23, 23:13 - ",Kiyotaka Ayanokoji,"<Media omitted>
"
"1/6/23, 23:14 - ",Abimuktheshwar NDA,"Leave it bro
"
"1/6/23, 23:14 - ",Abimuktheshwar NDA,"No bro
"
"1/6/23, 23:15 - ",Abimuktheshwar NDA,"Dont do that
"
"1/6/23, 23:15 - ",Kiyotaka Ayanokoji,"Yeah
"
"1/6/23, 23:15 - ",Abimuktheshwar NDA,"U still love her ik
"
"1/6/23, 23:15 - ",Abimuktheshwar NDA,"Thats why u tryna do this
"
"1/6/23, 23:15 - ",Kiyotaka Ayanokoji,"ğŸ¥²ğŸ¥²
"
"1/6/23, 23:15 - ",Abimuktheshwar NDA,"Crct na
"
"1/6/23, 23:15 - ",Kiyotaka Ayanokoji,"But she doesnt look that interested in me
"
"1/6/23, 23:15 - ",Kiyotaka Ayanokoji,"True bro i dont easily move on but im helpless
"
"1/6/23, 23:16 - ",Abimuktheshwar NDA,"No bro leave it
"
"1/6/23, 23:16 - ",Abimuktheshwar NDA,"Never fall in love in first yr
"
"1/6/23, 23:16 - ",Abimuktheshwar NDA,"For placement in future they will check ur 1st sem marks
"
"1/6/23, 23:17 - ",Abimuktheshwar NDA,"Soo focus on studying
"
"1/6/23, 23:17 - ",Abimuktheshwar NDA,"Instead of this
"
"1/6/23, 23:17 - ",Kiyotaka Ayanokoji,"Yeah bro
"
"1/6/23, 23:17 - ",Abimuktheshwar NDA,"Stock
"
"1/6/23, 23:17 - ",Abimuktheshwar NDA,"As much as possible
"
"1/6/23, 23:17 - ",Kiyotaka Ayanokoji,"Yeah bro trying ğŸ˜ğŸ˜„
"
"1/6/23, 23:17 - ",Abimuktheshwar NDA,"Which branch bro?
"
"1/6/23, 23:17 - ",Abimuktheshwar NDA,"Cs?
"
"1/6/23, 23:17 - ",Abimuktheshwar NDA,"Mee to bro
"
"1/6/23, 23:17 - ",Kiyotaka Ayanokoji,"Yeah AI-DS
"
"1/6/23, 23:18 - ",Abimuktheshwar NDA,"Off yeah u told
"
"1/6/23, 23:18 - ",Abimuktheshwar NDA,"Sooo try enjoying when ur sem subjects r easy
"
"1/6/23, 23:18 - ",Abimuktheshwar NDA,"And ur ready for placement
"
"1/6/23, 23:18 - ",Abimuktheshwar NDA,"And if u feel u like somebody
"
"1/6/23, 23:18 - ",Abimuktheshwar NDA,"Try talking to them
"
"1/6/23, 23:18 - ",Abimuktheshwar NDA,"Dont simply rush and say like this
"
"1/6/23, 23:19 - ",Abimuktheshwar NDA,"U will be hurt for sure
"
"1/6/23, 23:19 - ",Abimuktheshwar NDA,"And dont say so fast
"
"1/6/23, 23:19 - ",Abimuktheshwar NDA,"U cant be sure whether its crush or infatuation
"
"1/6/23, 23:19 - ",Kiyotaka Ayanokoji,"Yeah broâ¤
"
"1/6/23, 23:19 - ",Abimuktheshwar NDA,"ğŸ«‚ğŸ’“
"
"1/6/23, 23:19 - ",Kiyotaka Ayanokoji,"True bro maybe my intention of getting gf in cllg urged so fast
"
"1/6/23, 23:19 - ",Kiyotaka Ayanokoji,"That i tried within 2 months
"
"1/6/23, 23:20 - ",Abimuktheshwar NDA,"Yeah i too thought the same
"
"1/6/23, 23:20 - ",Abimuktheshwar NDA,"Hows manya btw ğŸ™‚
"
"1/6/23, 23:20 - ",Abimuktheshwar NDA,"Where is she
"
"1/6/23, 23:20 - ",Abimuktheshwar NDA,"Shes cute broğŸ¥¹
"
"1/6/23, 23:20 - ",Kiyotaka Ayanokoji,"Doing CA
"
"1/6/23, 23:20 - ",Kiyotaka Ayanokoji,"I agree
"
"1/6/23, 23:21 - ",Abimuktheshwar NDA,"Oohhh ohkkk bro
"
"1/6/23, 23:22 - ",Abimuktheshwar NDA,"Btw i got a best frndğŸ¥¹
"
"1/6/23, 23:22 - ",Abimuktheshwar NDA,"<Media omitted>
"
"1/6/23, 23:22 - ",Abimuktheshwar NDA,"<Media omitted>
"
"1/6/23, 23:23 - ",Kiyotaka Ayanokoji,"She is cute vroâ¤
"
"1/6/23, 23:23 - ",Abimuktheshwar NDA,"Yewh vro
"
"1/6/23, 23:23 - ",Abimuktheshwar NDA,"I kissed on her cheek todayğŸ¥²
"
"1/6/23, 23:23 - ",Abimuktheshwar NDA,"Dont say to anyone okay
"
"1/6/23, 23:23 - ",Kiyotaka Ayanokoji,"Wowâ¤â¤
"
"1/6/23, 23:23 - ",Kiyotaka Ayanokoji,"Yhh bro dw
"
"1/6/23, 23:23 - ",Kiyotaka Ayanokoji,"Whats her name
"
"1/6/23, 23:24 - ",Abimuktheshwar NDA,"I was like hugging her and suddenly idk what made me do that
"
"1/6/23, 23:24 - ",Abimuktheshwar NDA,"Aleena
"
"1/6/23, 23:24 - ",Abimuktheshwar NDA,"That too in phy lab when tr was ther2ğŸ¤£
"
"1/6/23, 23:24 - ",Kiyotaka Ayanokoji,"â¤â¤ Does she liked it?
"
"1/6/23, 23:24 - ",Kiyotaka Ayanokoji,"ğŸ’€ğŸ’€
"
"1/6/23, 23:24 - ",Kiyotaka Ayanokoji,"ğŸ›
"
"1/7/23, 06:01 - ",Abimuktheshwar NDA,"YesğŸ¤£ğŸ’“
"
"2/3/23, 20:34 - ",Abimuktheshwar NDA,"Bro
"
"2/3/23, 20:35 - ",Abimuktheshwar NDA,"Do u have those quotes that I have snt u on tele
"
"2/3/23, 21:14 - ",Kiyotaka Ayanokoji,"Sorry bro
"
"2/3/23, 21:14 - ",Kiyotaka Ayanokoji,"My id got deleted so everything vanished ğŸ˜­ğŸ˜­
"
"2/3/23, 21:16 - ",Abimuktheshwar NDA,"No probs bo
"
"2/3/23, 21:16 - ",Kiyotaka Ayanokoji,"Sorry broğŸ¥²
"
"2/3/23, 21:16 - ",Abimuktheshwar NDA,"No probs bro
"
"2/3/23, 21:17 - ",Abimuktheshwar NDA,"It's finğŸ˜Œ
"
"4/14/23, 23:42 - ",Abimuktheshwar NDA,"Bro
"
"4/14/23, 23:42 - ",Abimuktheshwar NDA,"U have any idea abt nanditha ...where she is
"
"4/14/23, 23:42 - ",Kiyotaka Ayanokoji,"Yo bro
"
"4/14/23, 23:42 - ",Kiyotaka Ayanokoji,"ğŸ¥²ğŸ¥²ğŸ˜­
"
"4/14/23, 23:42 - ",Abimuktheshwar NDA,"Wot happnd
"
"4/14/23, 23:42 - ",Abimuktheshwar NDA,"Ur crush
"
"4/14/23, 23:42 - ",Abimuktheshwar NDA,"ğŸ˜¹ğŸ˜¹
"
"4/14/23, 23:42 - ",Kiyotaka Ayanokoji,"No bro i dont  wanna know where is sheğŸ¥²
"
"4/14/23, 23:42 - ",Abimuktheshwar NDA,"Why
"
"4/14/23, 23:42 - ",Kiyotaka Ayanokoji,"And i dont want to find out tooğŸŒš
"
"4/14/23, 23:42 - ",Abimuktheshwar NDA,"Tmrw is my jee
"
"4/14/23, 23:42 - ",Abimuktheshwar NDA,"ğŸ¤£
"
"4/14/23, 23:43 - ",Kiyotaka Ayanokoji,"ğŸ¥²*
"
"4/14/23, 23:43 - ",Kiyotaka Ayanokoji,"Good luck broğŸ«‚
"
"4/14/23, 23:43 - ",Abimuktheshwar NDA,"Why bro
"
"4/14/23, 23:43 - ",Kiyotaka Ayanokoji,"The way she insulted me ğŸ¥²ğŸ¥² it hurts somehow ğŸ¥²
"
"4/14/23, 23:43 - ",Abimuktheshwar NDA,"U told u lost feelings
"
"4/14/23, 23:43 - ",Abimuktheshwar NDA,"What did she say
"
"4/14/23, 23:43 - ",Abimuktheshwar NDA,"Thanks bro
"
"4/14/23, 23:43 - ",Kiyotaka Ayanokoji,"Yeah... Baaki u can ask aakarsh he knows maybe
"
"4/14/23, 23:43 - ",Kiyotaka Ayanokoji,"Like it was old fashioned
"
"4/14/23, 23:44 - ",Abimuktheshwar NDA,"Huh
"
"4/14/23, 23:44 - ",Abimuktheshwar NDA,"Just speak it out
"
"4/14/23, 23:44 - ",Abimuktheshwar NDA,"Rather than keeping it for urself
"
"4/14/23, 23:44 - ",Kiyotaka Ayanokoji,"And in dm and to some other people she said i wanna punch himğŸ˜‚
"
"4/14/23, 23:44 - ",Abimuktheshwar NDA,"Bcz u had crush on her?
"
"4/14/23, 23:44 - ",Kiyotaka Ayanokoji,"She said the way shivang proposed was old fashioned ğŸ¥²
"
"4/14/23, 23:44 - ",Kiyotaka Ayanokoji,"Yeah...
"
"4/14/23, 23:45 - ",Kiyotaka Ayanokoji,"Yeah u asked him?
"
"4/14/23, 23:45 - ",Abimuktheshwar NDA,"Nope
"
"4/14/23, 23:45 - ",Abimuktheshwar NDA,"Wtf.....is there any format for a proposal
"
"4/14/23, 23:45 - ",Kiyotaka Ayanokoji,"Asked him...
"
"4/14/23, 23:45 - ",Abimuktheshwar NDA,"Okok
"
"4/14/23, 23:45 - ",Abimuktheshwar NDA,"Tmrw
"
"4/14/23, 23:45 - ",Abimuktheshwar NDA,"He have exam
"
"4/14/23, 23:45 - ",Kiyotaka Ayanokoji,"Wohi... Dont know what girls expectğŸ¥²
"
"4/14/23, 23:45 - ",Kiyotaka Ayanokoji,"Yeah...
"
"4/14/23, 23:46 - ",Kiyotaka Ayanokoji,"If i asked from some other they will tease me tooğŸ¥²ğŸ˜‚
"
"4/14/23, 23:46 - ",Abimuktheshwar NDA,"Even if u feel for her
"
"4/14/23, 23:46 - ",Abimuktheshwar NDA,"U gonna loose her anyways
"
"4/14/23, 23:46 - ",Abimuktheshwar NDA,"Bcz of her behaviour
"
"4/14/23, 23:46 - ",Kiyotaka Ayanokoji,"Yeah bro...
"
"4/14/23, 23:46 - ",Abimuktheshwar NDA,"Naah broo....
"
"4/14/23, 23:46 - ",Kiyotaka Ayanokoji,"Lemme ask one person maybe she knows ğŸ˜…
"
"4/14/23, 23:47 - ",Abimuktheshwar NDA,"What will u ask?
"
"4/14/23, 23:47 - ",Kiyotaka Ayanokoji,"Ki what is she doing now a days... And where is sheğŸ™‚
"
"4/14/23, 23:47 - ",Abimuktheshwar NDA,"Yeah just lemme know too
"
"4/14/23, 23:47 - ",Abimuktheshwar NDA,"I lost contact in tele na
"
"4/14/23, 23:47 - ",Kiyotaka Ayanokoji,"Yeah
"
"4/14/23, 23:49 - ",Abimuktheshwar NDA,"Bro what abt
"
"4/14/23, 23:49 - ",Abimuktheshwar NDA,"Priya and mega
"
"4/14/23, 23:49 - ",Abimuktheshwar NDA,"Did they break upğŸŒ
"
"4/14/23, 23:49 - ",Kiyotaka Ayanokoji,"dk
"
"4/14/23, 23:49 - ",Kiyotaka Ayanokoji,"dont care
"
"4/14/23, 23:49 - ",Abimuktheshwar NDA,"Jeet
"
"4/14/23, 23:49 - ",Abimuktheshwar NDA,"?
"
"4/14/23, 23:49 - ",Kiyotaka Ayanokoji,"uski baate aadhi jhoothi hoti
"
"4/14/23, 23:50 - ",Abimuktheshwar NDA,"Even now?
"
"4/14/23, 23:50 - ",Abimuktheshwar NDA,"Wtf bro
"
"4/14/23, 23:50 - ",Abimuktheshwar NDA,"Bro btw
"
"4/14/23, 23:50 - ",Kiyotaka Ayanokoji,"he still flexsometimes
"
"4/14/23, 23:50 - ",Abimuktheshwar NDA,"I got screened out in ssb recently
"
"4/14/23, 23:50 - ",Abimuktheshwar NDA,"ğŸ¥²ğŸ¥²
"
"4/14/23, 23:50 - ",Abimuktheshwar NDA,"Leave it bro
"
"4/14/23, 23:50 - ",Kiyotaka Ayanokoji,"why god why....
"
"4/14/23, 23:51 - ",Abimuktheshwar NDA,"Next time bro don't worry
"
"4/14/23, 23:51 - ",Abimuktheshwar NDA,"Hoga nhi kaise
"
"4/14/23, 23:51 - ",Abimuktheshwar NDA,"Ek din tho hoga
"
"4/14/23, 23:51 - ",Abimuktheshwar NDA,"ğŸ˜Š
"
"4/14/23, 23:51 - ",Kiyotaka Ayanokoji,"yeah bro u deserve most
"
"4/14/23, 23:51 - ",Abimuktheshwar NDA,"I will come to delhi in may bro
"
"4/14/23, 23:51 - ",Abimuktheshwar NDA,"Let's meet
"
"4/14/23, 23:51 - ",Kiyotaka Ayanokoji,"fkking sure
"
"4/14/23, 23:51 - ",Abimuktheshwar NDA,"Yeah bro just that my prep was not enof....it was soon aftr my sem exam
"
"4/14/23, 23:52 - ",Abimuktheshwar NDA,"Soo didn't get time to work on my psychology
"
"4/14/23, 23:52 - ",Kiyotaka Ayanokoji,"ohh... dw next time u gonna get recommended
"
"4/14/23, 23:52 - ",Abimuktheshwar NDA,"Yes bro next or the other
"
"4/14/23, 23:52 - ",Abimuktheshwar NDA,"But one day I will
"
"4/14/23, 23:52 - ",Abimuktheshwar NDA,"ğŸ˜Š
"
"4/14/23, 23:53 - ",Kiyotaka Ayanokoji,"thats the attiutde i want...ğŸ˜ğŸ˜
"
"4/14/23, 23:53 - ",Abimuktheshwar NDA,"<Media omitted>
"
"4/14/23, 23:53 - ",Abimuktheshwar NDA,"Shows she
"
"4/14/23, 23:53 - ",Abimuktheshwar NDA,"ğŸ¤—ğŸ¤—
"
"4/14/23, 23:53 - ",Kiyotaka Ayanokoji,"bro btw what about night? getting good sleep?
"
"4/14/23, 23:53 - ",Abimuktheshwar NDA,"Yeah bro morning I sleep
"
"4/14/23, 23:53 - ",Kiyotaka Ayanokoji,"cute
"
"4/14/23, 23:54 - ",Abimuktheshwar NDA,"And when I go to college i forget abt het
"
"4/14/23, 23:54 - ",Abimuktheshwar NDA,"Night it hauntse bro
"
"4/14/23, 23:54 - ",Kiyotaka Ayanokoji,"awesome bro..... happy for u.
"
"4/14/23, 23:54 - ",Kiyotaka Ayanokoji,"classmate?
"
"4/14/23, 23:54 - ",Abimuktheshwar NDA,"Yeah
"
"4/14/23, 23:54 - ",Abimuktheshwar NDA,"Best frnd
"
"4/14/23, 23:55 - ",Kiyotaka Ayanokoji,"awesome!!
"
"4/14/23, 23:55 - ",Abimuktheshwar NDA,"Wish I could go back in time and not fall for her
"
"4/14/23, 23:55 - ",Abimuktheshwar NDA,"Fucking she got feelings for me first
"
"4/14/23, 23:55 - ",Abimuktheshwar NDA,"And then she left
"
"4/14/23, 23:55 - ",Abimuktheshwar NDA,"Like shubee did to aakarsh
"
"4/14/23, 23:55 - ",Kiyotaka Ayanokoji,"in my cllg i got none friend(girl)
"
"4/14/23, 23:55 - ",Abimuktheshwar NDA,"That's good bro
"
"4/14/23, 23:55 - ",Abimuktheshwar NDA,"These girls r fucking jls bro
"
"4/14/23, 23:56 - ",Kiyotaka Ayanokoji,"yeah bro... u both arent able to move on still
"
"4/14/23, 23:56 - ",Abimuktheshwar NDA,"When I was writing rcrd...they snatch from me....bcz I completed
"
"4/14/23, 23:56 - ",Kiyotaka Ayanokoji,"yeah toh h
"
"4/14/23, 23:56 - ",Abimuktheshwar NDA,"Yeah bro aakarsh moved on bro
"
"4/14/23, 23:56 - ",Abimuktheshwar NDA,"Soo always boys r better
"
"4/14/23, 23:56 - ",Abimuktheshwar NDA,"Nowadays I'm sigma
"
"4/14/23, 23:56 - ",Abimuktheshwar NDA,"I call all girls ugly
"
"4/14/23, 23:56 - ",Abimuktheshwar NDA,"ğŸ—¿ğŸ—¿
"
"4/14/23, 23:57 - ",Kiyotaka Ayanokoji,"lmao op
"
"4/14/23, 23:57 - ",Kiyotaka Ayanokoji,"@Nanditha0930
"
"4/14/23, 23:57 - ",Abimuktheshwar NDA,"Tele?
"
"4/14/23, 23:57 - ",Kiyotaka Ayanokoji,"yeah
"
"4/14/23, 23:57 - ",Abimuktheshwar NDA,"Fuck should I msg?
"
"4/14/23, 23:58 - ",Abimuktheshwar NDA,"null
"
"4/14/23, 23:58 - ",Abimuktheshwar NDA,"Dimag krab bc
"
"4/14/23, 23:58 - ",Kiyotaka Ayanokoji,"Introduce first maybe she wont
"
"4/14/23, 23:58 - ",Kiyotaka Ayanokoji,"If she remembers uğŸ˜
"
"4/14/23, 23:59 - ",Abimuktheshwar NDA,"<Media omitted>
"
"4/14/23, 23:59 - ",Abimuktheshwar NDA,"<Media omitted>
"
"4/14/23, 23:59 - ",Abimuktheshwar NDA,"Did u see this
"
"4/14/23, 23:59 - ",Kiyotaka Ayanokoji,"yeah
"
"4/15/23, 00:00 - ",Kiyotaka Ayanokoji,"not encouraged
"
"4/15/23, 00:00 - ",Abimuktheshwar NDA,"Then why should i
"
"4/15/23, 00:00 - ",Kiyotaka Ayanokoji,"mah broğŸ˜„ğŸ˜„
"
"4/15/23, 00:00 - ",Abimuktheshwar NDA,"Moments before disaster
"
"4/15/23, 00:00 - ",Kiyotaka Ayanokoji,"but known ones ko nahi kar rahi
"
"4/15/23, 00:00 - ",Kiyotaka Ayanokoji,"baaki what u wanna ask?
"
"4/15/23, 00:01 - ",Abimuktheshwar NDA,"I will msg wait
"
"4/15/23, 00:01 - ",Kiyotaka Ayanokoji,"sure
"
"4/15/23, 00:01 - ",Abimuktheshwar NDA,"Did bro
"
"4/15/23, 00:01 - ",Abimuktheshwar NDA,"Let her come online
"
"4/15/23, 00:02 - ",Kiyotaka Ayanokoji,"yeah...
"
"4/15/23, 00:02 - ",Abimuktheshwar NDA,"What else bro
"
"4/15/23, 00:02 - ",Abimuktheshwar NDA,"I don't seem to be good
"
"4/15/23, 00:02 - ",Kiyotaka Ayanokoji,"no bro u good......
"
"4/15/23, 00:02 - ",Abimuktheshwar NDA,"U*
"
"4/15/23, 00:02 - ",Abimuktheshwar NDA,"U don't seem to be good
"
"4/15/23, 00:03 - ",Kiyotaka Ayanokoji,"its like i am not able to be open with anyone now a days
"
"4/15/23, 00:03 - ",Abimuktheshwar NDA,"Tell me naah
"
"4/15/23, 00:03 - ",Abimuktheshwar NDA,"Whatever bullshit it is tell me
"
"4/15/23, 00:03 - ",Abimuktheshwar NDA,"Ima good listener and motivatorğŸ˜
"
"4/15/23, 00:03 - ",Kiyotaka Ayanokoji,"my interests for girls gone like u....
"
"4/15/23, 00:03 - ",Abimuktheshwar NDA,"That's good bro
"
"4/15/23, 00:03 - ",Abimuktheshwar NDA,"U should focus on self
"
"4/15/23, 00:04 - ",Abimuktheshwar NDA,"And make urself happy
"
"4/15/23, 00:04 - ",Abimuktheshwar NDA,"Farzi dekha ?
"
"4/15/23, 00:04 - ",Kiyotaka Ayanokoji,"want to earn money... even studying and getting rejected in 2 companies
"
"4/15/23, 00:04 - ",Kiyotaka Ayanokoji,"for internship
"
"4/15/23, 00:04 - ",Abimuktheshwar NDA,"Same here bro...just try to go for workshops and have a good knowledge technically
"
"4/15/23, 00:04 - ",Abimuktheshwar NDA,"Then they will surely take u
"
"4/15/23, 00:05 - ",Kiyotaka Ayanokoji,"no bro.... kahi mann nahi lag raha...10 anime ongoing h mere.. 2 ep dekhta then koi aur
"
"4/15/23, 00:05 - ",Abimuktheshwar NDA,"Watch farzi.....it's fucking awesome
"
"4/15/23, 00:05 - ",Abimuktheshwar NDA,"Learn coding
"
"4/15/23, 00:05 - ",Abimuktheshwar NDA,"Every company will take u
"
"4/15/23, 00:05 - ",Kiyotaka Ayanokoji,"yeah was going saturday but got cancelled
"
"4/15/23, 00:06 - ",Abimuktheshwar NDA,"And bro try connecting through LinkedIn in
"
"4/15/23, 00:06 - ",Kiyotaka Ayanokoji,"yeah doing that only.... i solved most questions in pyton
"
"4/15/23, 00:06 - ",Kiyotaka Ayanokoji,"yeah i am
"
"4/15/23, 00:06 - ",Abimuktheshwar NDA,"Bro I'm fucking in c
"
"4/15/23, 00:06 - ",Kiyotaka Ayanokoji,"sure will watch..
"
"4/15/23, 00:06 - ",Abimuktheshwar NDA,"This sem I have to learn c
"
"4/15/23, 00:06 - ",Kiyotaka Ayanokoji,"my branch is related to python only so focusing on that
"
"4/15/23, 00:06 - ",Abimuktheshwar NDA,"Then what else
"
"4/15/23, 00:07 - ",Abimuktheshwar NDA,"Oohhhkkk
"
"4/15/23, 00:07 - ",Abimuktheshwar NDA,"What other problems
"
"4/15/23, 00:07 - ",Kiyotaka Ayanokoji,"i did most course but company said u using long method... blah bah
"
"4/15/23, 00:07 - ",Abimuktheshwar NDA,"Bro first yr hro
"
"4/15/23, 00:07 - ",Abimuktheshwar NDA,"4 more to go
"
"4/15/23, 00:07 - ",Abimuktheshwar NDA,"Don't worry
"
"4/15/23, 00:08 - ",Kiyotaka Ayanokoji,"becoming avg student in cllg after being studying the most.... even one nighter student scoring more
"
"4/15/23, 00:08 - ",Abimuktheshwar NDA,"Bro all brains diff
"
"4/15/23, 00:08 - ",Abimuktheshwar NDA,"And u can't say like that
"
"4/15/23, 00:08 - ",Abimuktheshwar NDA,"Many work il silence
"
"4/15/23, 00:09 - ",Abimuktheshwar NDA,"In*
"
"4/15/23, 00:09 - ",Kiyotaka Ayanokoji,"and old homies se contact lost hit badly
"
"4/15/23, 00:09 - ",Abimuktheshwar NDA,"Don't fall in peer pressure
"
"4/15/23, 00:09 - ",Abimuktheshwar NDA,"That hurts bhai
"
"4/15/23, 00:09 - ",Abimuktheshwar NDA,"And u k....all r big brains....so when they call u for this and that
"
"4/15/23, 00:09 - ",Abimuktheshwar NDA,"Try thinking did u finish the task to be completed today
"
"4/15/23, 00:09 - ",Abimuktheshwar NDA,"If yes then go
"
"4/15/23, 00:09 - ",Kiyotaka Ayanokoji,"yeah i agree.... but few asked notes from me 2 days before and still score well
"
"4/15/23, 00:10 - ",Abimuktheshwar NDA,"Or else learn to say no
"
"4/15/23, 00:10 - ",Abimuktheshwar NDA,"Diff brains hro
"
"4/15/23, 00:10 - ",Abimuktheshwar NDA,"Some just needs to read
"
"4/15/23, 00:10 - ",Abimuktheshwar NDA,"To score well
"
"4/15/23, 00:10 - ",Kiyotaka Ayanokoji,"my parents at starting said score 75 thats enough but now scored 83 still said doosro ke zyada
"
"4/15/23, 00:11 - ",Abimuktheshwar NDA,"Don't listen to parents
"
"4/15/23, 00:11 - ",Kiyotaka Ayanokoji,"i am 32 in class out of 112
"
"4/15/23, 00:11 - ",Abimuktheshwar NDA,"Be for uself
"
"4/15/23, 00:11 - ",Kiyotaka Ayanokoji,"yeah trying
"
"4/15/23, 00:11 - ",Abimuktheshwar NDA,"32 in what bro
"
"4/15/23, 00:11 - ",Kiyotaka Ayanokoji,"rank.. in batch
"
"4/15/23, 00:11 - ",Abimuktheshwar NDA,"Daaamn that fire bro
"
"4/15/23, 00:11 - ",Abimuktheshwar NDA,"Just don't compare urself to others bro
"
"4/15/23, 00:12 - ",Abimuktheshwar NDA,"That's the main thing
"
"4/15/23, 00:12 - ",Kiyotaka Ayanokoji,"parents want top 10
"
"4/15/23, 00:12 - ",Kiyotaka Ayanokoji,"yeah bro... i am not but parents are
"
"4/15/23, 00:12 - ",Abimuktheshwar NDA,"Bcz of parents only u always compare urself with others
"
"4/15/23, 00:12 - ",Abimuktheshwar NDA,"Xactly
"
"4/15/23, 00:12 - ",Kiyotaka Ayanokoji,"true bro..
"
"4/15/23, 00:13 - ",Abimuktheshwar NDA,"But still 32 is very good bro
"
"4/15/23, 00:13 - ",Abimuktheshwar NDA,"I'm one among the last ones
"
"4/15/23, 00:13 - ",Abimuktheshwar NDA,"ğŸ˜¹
"
"4/15/23, 00:13 - ",Kiyotaka Ayanokoji,"baaki i got no problems... watching full hanimeğŸ˜ğŸ¤£
"
"4/15/23, 00:13 - ",Abimuktheshwar NDA,"Nice bro ğŸ«¦ğŸ«¦
"
"4/15/23, 00:13 - ",Kiyotaka Ayanokoji,"but u are focusing for ssbğŸ˜
"
"4/15/23, 00:13 - ",Abimuktheshwar NDA,"That's what bro
"
"4/15/23, 00:13 - ",Abimuktheshwar NDA,"Next comes in 3 months
"
"4/15/23, 00:14 - ",Abimuktheshwar NDA,"I have to prepare
"
"4/15/23, 00:14 - ",Abimuktheshwar NDA,"Well
"
"4/15/23, 00:14 - ",Kiyotaka Ayanokoji,"yeah... and some other thingsğŸ˜œ
"
"4/15/23, 00:14 - ",Abimuktheshwar NDA,"I do it everyday
"
"4/15/23, 00:14 - ",Abimuktheshwar NDA,"ğŸ˜¹ğŸ˜¹
"
"4/15/23, 00:14 - ",Kiyotaka Ayanokoji,"u gonna grab it.... will prayğŸ˜
"
"4/15/23, 00:14 - ",Abimuktheshwar NDA,"Bro I want to meet yana so baadğŸ˜”
"
"4/15/23, 00:14 - ",Kiyotaka Ayanokoji,"u still alive?
"
"4/15/23, 00:14 - ",Abimuktheshwar NDA,"But at the same time
"
"4/15/23, 00:14 - ",Abimuktheshwar NDA,"I don't want her
"
"4/15/23, 00:14 - ",Abimuktheshwar NDA,"Yeah I amğŸ¤£
"
"4/15/23, 00:15 - ",Abimuktheshwar NDA,"Appreciate bhaiğŸ¥¹â¤ï¸
"
"4/15/23, 00:15 - ",Kiyotaka Ayanokoji,"bro try to be friends now
"
"4/15/23, 00:15 - ",Kiyotaka Ayanokoji,"dont ruin friendship too
"
"4/15/23, 00:15 - ",Abimuktheshwar NDA,"<Media omitted>
"
"4/15/23, 00:15 - ",Abimuktheshwar NDA,"Naah bro once the trust gone then never back to them
"
"4/15/23, 00:16 - ",Kiyotaka Ayanokoji,"so deep
"
"4/15/23, 00:16 - ",Kiyotaka Ayanokoji,"bro so sorry for u yrr
"
"4/15/23, 00:16 - ",Abimuktheshwar NDA,"It's fine maahn
"
"4/15/23, 00:16 - ",Abimuktheshwar NDA,"U guys r the best
"
"4/15/23, 00:16 - ",Abimuktheshwar NDA,"U guys atleast understand my situation
"
"4/15/23, 00:16 - ",Kiyotaka Ayanokoji,"u too bro...
"
"4/15/23, 00:17 - ",Abimuktheshwar NDA,"Hope we there forever
"
"4/15/23, 00:17 - ",Kiyotaka Ayanokoji,"i still thank aakarshğŸ˜„
"
"4/15/23, 00:17 - ",Abimuktheshwar NDA,"For what broğŸ˜¹
"
"4/15/23, 00:17 - ",Kiyotaka Ayanokoji,"for meeting us in same grp
"
"4/15/23, 00:18 - ",Abimuktheshwar NDA,"Yeah bro me too.....ğŸ¥¹
"
"4/15/23, 00:18 - ",Abimuktheshwar NDA,"If u go to uiet chandigarh
"
"4/15/23, 00:18 - ",Abimuktheshwar NDA,"Punch her in her face and come back
"
"4/15/23, 00:18 - ",Abimuktheshwar NDA,"ğŸ¤£ğŸ¤£
"
"4/15/23, 00:18 - ",Kiyotaka Ayanokoji,"nandhita?
"
"4/15/23, 00:18 - ",Abimuktheshwar NDA,"Yana
"
"4/15/23, 00:18 - ",Abimuktheshwar NDA,"Kidding bro
"
"4/15/23, 00:19 - ",Abimuktheshwar NDA,"She's the nicest person
"
"4/15/23, 00:19 - ",Kiyotaka Ayanokoji,"ğŸ¥²ğŸ¥² u shocked me
"
"4/15/23, 00:19 - ",Abimuktheshwar NDA,"She just left me bcz she lost feelings ryt
"
"4/15/23, 00:19 - ",Abimuktheshwar NDA,"It's her choiche
"
"4/15/23, 00:19 - ",Kiyotaka Ayanokoji,"true bro... she was good with everyone
"
"4/15/23, 00:19 - ",Abimuktheshwar NDA,"Choice
"
"4/15/23, 00:19 - ",Kiyotaka Ayanokoji,"she got crush on anyone else when things were working with u
"
"4/15/23, 00:20 - ",Abimuktheshwar NDA,"That is not at all a problem maahn
"
"4/15/23, 00:20 - ",Abimuktheshwar NDA,"If she had crush then let her be in relationship
"
"4/15/23, 00:20 - ",Abimuktheshwar NDA,"Idc
"
"4/15/23, 00:20 - ",Abimuktheshwar NDA,"I just want her presence yrr
"
"4/15/23, 00:20 - ",Abimuktheshwar NDA,"ğŸ¥º
"
"4/15/23, 00:20 - ",Kiyotaka Ayanokoji,"ğŸ¥¹ğŸ¥¹
"
"4/15/23, 00:20 - ",Abimuktheshwar NDA,"I just need a text from her
"
"4/15/23, 00:20 - ",Abimuktheshwar NDA,"And that make my day
"
"4/15/23, 00:21 - ",Abimuktheshwar NDA,"I wanted to be her best frnd only
"
"4/15/23, 00:21 - ",Abimuktheshwar NDA,"Not her boyfrnd
"
"4/15/23, 00:21 - ",Kiyotaka Ayanokoji,"yeah bro.... chat with her make u happy
"
"4/15/23, 00:21 - ",Kiyotaka Ayanokoji,"i noticed it... u used to be so happy
"
"4/15/23, 00:21 - ",Abimuktheshwar NDA,"Yeah bro
"
"4/15/23, 00:22 - ",Abimuktheshwar NDA,"She was the one who took me to the shore when I was drowning
"
"4/15/23, 00:22 - ",Abimuktheshwar NDA,"ğŸ™‚
"
"4/15/23, 00:22 - ",Abimuktheshwar NDA,"That's why I respect her so much
"
"4/15/23, 00:22 - ",Abimuktheshwar NDA,"And I still do
"
"4/15/23, 00:22 - ",Kiyotaka Ayanokoji,"yeah..
"
"4/15/23, 00:22 - ",Abimuktheshwar NDA,"Anyways things end ryt
"
"4/15/23, 00:23 - ",Kiyotaka Ayanokoji,"from her pov... but not urs
"
"4/15/23, 00:23 - ",Abimuktheshwar NDA,"Bro I slowly realised she was using me
"
"4/15/23, 00:23 - ",Kiyotaka Ayanokoji,"u want to be with her... have normal comvo...
"
"4/15/23, 00:23 - ",Abimuktheshwar NDA,"That's why naa
"
"4/15/23, 00:23 - ",Abimuktheshwar NDA,"Not anymore
"
"4/15/23, 00:23 - ",Kiyotaka Ayanokoji,"all girls same
"
"4/15/23, 00:23 - ",Abimuktheshwar NDA,"But sometimes I feel I want to hug her so tight maahnğŸ¥¹
"
"4/15/23, 00:24 - ",Abimuktheshwar NDA,"No bro aleena is not like that
"
"4/15/23, 00:24 - ",Abimuktheshwar NDA,"She cries when she don't see me in college
"
"4/15/23, 00:24 - ",Abimuktheshwar NDA,"Such a nice girl mahnğŸ¥¹
"
"4/15/23, 00:24 - ",Kiyotaka Ayanokoji,"i mean mostlyğŸ¤£
"
"4/15/23, 00:24 - ",Abimuktheshwar NDA,"Yeah most of them
"
"4/15/23, 00:24 - ",Kiyotaka Ayanokoji,"wow... so dope bro...
"
"4/15/23, 00:24 - ",Abimuktheshwar NDA,"Aleena helped me to come out of this yana obsession
"
"4/15/23, 00:24 - ",Abimuktheshwar NDA,"But now idk why even she can't help me
"
"4/15/23, 00:25 - ",Abimuktheshwar NDA,"May be she got fed up hearing abt yana
"
"4/15/23, 00:25 - ",Kiyotaka Ayanokoji,"wanna have chat with her about u... asking about u in cllg... but dk any topicğŸ¥²ğŸ¥²
"
"4/15/23, 00:25 - ",Abimuktheshwar NDA,"Bro
"
"4/15/23, 00:25 - ",Abimuktheshwar NDA,"Msg her
"
"4/15/23, 00:25 - ",Abimuktheshwar NDA,"She don't judge
"
"4/15/23, 00:26 - ",Kiyotaka Ayanokoji,"nah bro... i m shyğŸ˜…
"
"4/15/23, 00:26 - ",Abimuktheshwar NDA,"Bro do it
"
"4/15/23, 00:26 - ",Abimuktheshwar NDA,"She s nice yaar
"
"4/15/23, 00:26 - ",Abimuktheshwar NDA,"Sivadutt is her good frnd now
"
"4/15/23, 00:26 - ",Kiyotaka Ayanokoji,"cllg mai ek ladki dost bani thi... paper paper yaad kiya fhir chali gyi.... female interaction ab 0 hğŸ˜ğŸ˜
"
"4/15/23, 00:27 - ",Abimuktheshwar NDA,"That's better
"
"4/15/23, 00:27 - ",Abimuktheshwar NDA,"Use them and throw
"
"4/15/23, 00:27 - ",Abimuktheshwar NDA,"If they can why we cant
"
"4/15/23, 00:27 - ",Kiyotaka Ayanokoji,"didnt have a chat with him too .... say sorry ğŸ˜“
"
"4/15/23, 00:27 - ",Abimuktheshwar NDA,"No bro don't do that
"
"4/15/23, 00:27 - ",Abimuktheshwar NDA,"We r loyal
"
"4/15/23, 00:27 - ",Abimuktheshwar NDA,"And stay loyal
"
"4/15/23, 00:27 - ",Abimuktheshwar NDA,"It's ok bro....we r busy
"
"4/15/23, 00:27 - ",Kiyotaka Ayanokoji,"yeah bro... still gonna help when she approaches me
"
"4/15/23, 00:27 - ",Abimuktheshwar NDA,"Don't worry I will introduce u to her
"
"4/15/23, 00:28 - ",Abimuktheshwar NDA,"Yrahh....u should just find the ryt person
"
"4/15/23, 00:28 - ",Abimuktheshwar NDA,"Bro
"
"4/15/23, 00:28 - ",Kiyotaka Ayanokoji,"yeah he got gf?
"
"4/15/23, 00:28 - ",Kiyotaka Ayanokoji,"yeah bro
"
"4/15/23, 00:28 - ",Abimuktheshwar NDA,"Had some situationships
"
"4/15/23, 00:28 - ",Abimuktheshwar NDA,"But gone
"
"4/15/23, 00:28 - ",Kiyotaka Ayanokoji,"ohh
"
"4/15/23, 00:29 - ",Abimuktheshwar NDA,"Bro
"
"4/15/23, 00:29 - ",Abimuktheshwar NDA,"Let's talk tmrw
"
"4/15/23, 00:29 - ",Abimuktheshwar NDA,"Have to sleep now
"
"4/15/23, 00:29 - ",Abimuktheshwar NDA,"5 30
"
"4/15/23, 00:29 - ",Kiyotaka Ayanokoji,"yeah sure
"
"4/15/23, 00:29 - ",Abimuktheshwar NDA,"I have to go
"
"4/15/23, 00:29 - ",Kiyotaka Ayanokoji,"good night
"
"4/15/23, 00:29 - ",Abimuktheshwar NDA,"Good night mate
"
"4/15/23, 00:29 - ",Kiyotaka Ayanokoji,"all the best for jee
"
"4/15/23, 00:29 - ",Abimuktheshwar NDA,"Thanks mahn
"
"4/15/23, 00:29 - ",Kiyotaka Ayanokoji,"good night bro
"
"4/15/23, 20:39 - ",Abimuktheshwar NDA,"Bro
"
"4/15/23, 20:39 - ",Abimuktheshwar NDA,"Exam went well
"
"4/15/23, 20:39 - ",Abimuktheshwar NDA,"Maths was tough .phy was easy and chem was moderate
"
"4/15/23, 20:41 - ",Kiyotaka Ayanokoji,"Maths always toughğŸ¥²ğŸ¥²
"
"4/15/23, 20:42 - ",Kiyotaka Ayanokoji,"Happy for uğŸ˜ğŸ˜â¤
"
"4/15/23, 20:42 - ",Abimuktheshwar NDA,"Yeah bro
"
"4/15/23, 20:42 - ",Kiyotaka Ayanokoji,"Did nandhitha replied?ğŸ˜…
"
"4/15/23, 20:42 - ",Abimuktheshwar NDA,"I could attend these many
"
"4/15/23, 20:42 - ",Abimuktheshwar NDA,"BCS of my sem 1 knowledge
"
"4/15/23, 20:42 - ",Abimuktheshwar NDA,"I msgd u to tell u that only
"
"4/15/23, 20:42 - ",Abimuktheshwar NDA,"Negative sir
"
"4/15/23, 20:42 - ",Abimuktheshwar NDA,"ğŸ¥²
"
"4/15/23, 20:43 - ",Kiyotaka Ayanokoji,"I see...
"
"4/15/23, 20:43 - ",Abimuktheshwar NDA,"ğŸ¥²ğŸ¥²
"
"4/15/23, 20:43 - ",Kiyotaka Ayanokoji,"ğŸ¥²ğŸ¥²
"
"4/15/23, 20:43 - ",Abimuktheshwar NDA,"Bro aleena was telling why u ain't msging
"
"4/15/23, 20:43 - ",Kiyotaka Ayanokoji,"So u going nit this time?ğŸŒš
"
"4/15/23, 20:43 - ",Kiyotaka Ayanokoji,"Me?
"
"4/15/23, 20:43 - ",Abimuktheshwar NDA,"Naah bro
"
"4/15/23, 20:43 - ",Abimuktheshwar NDA,"I will continue my college
"
"4/15/23, 20:43 - ",Abimuktheshwar NDA,"But i won't get ğŸ¤£ğŸ¤£
"
"4/15/23, 20:43 - ",Kiyotaka Ayanokoji,"I seeğŸ˜
"
"4/15/23, 20:43 - ",Abimuktheshwar NDA,"Yeah
"
"4/15/23, 20:44 - ",Kiyotaka Ayanokoji,"ğŸ¥²ğŸ¥² No comment u happy with ur college thats enough ğŸ˜ğŸ˜
"
"4/15/23, 20:44 - ",Kiyotaka Ayanokoji,"Bro me afraid ğŸ¥²ğŸ¥²
"
"4/15/23, 20:44 - ",Abimuktheshwar NDA,"Bro nothing bro
"
"4/15/23, 20:44 - ",Abimuktheshwar NDA,"She's totally diff
"
"4/15/23, 20:44 - ",Abimuktheshwar NDA,"Trust me
"
"4/15/23, 20:44 - ",Kiyotaka Ayanokoji,"Ok i will thenğŸ˜…
"
"4/15/23, 20:44 - ",Abimuktheshwar NDA,"Bro I just need to get ssb
"
"4/15/23, 20:44 - ",Abimuktheshwar NDA,"I didn't write jee to get into nit
"
"4/15/23, 20:45 - ",Kiyotaka Ayanokoji,"Ohh got it
"
"4/15/23, 20:45 - ",Kiyotaka Ayanokoji,"U need 60%ile na?
"
"4/15/23, 20:45 - ",Abimuktheshwar NDA,"Rank matters
"
"4/15/23, 20:45 - ",Abimuktheshwar NDA,"This time
"
"4/15/23, 20:45 - ",Abimuktheshwar NDA,"It was
"
"4/15/23, 20:45 - ",Kiyotaka Ayanokoji,"OhhğŸ¥²
"
"4/15/23, 20:45 - ",Abimuktheshwar NDA,"3 lakh 60k
"
"4/15/23, 20:45 - ",Abimuktheshwar NDA,"And navy cut off was
"
"4/15/23, 20:45 - ",Abimuktheshwar NDA,"4lk 70k
"
"4/15/23, 20:45 - ",Abimuktheshwar NDA,"My rank was 4lk 80k
"
"4/15/23, 20:45 - ",Abimuktheshwar NDA,"ğŸ¥²ğŸ¥²
"
"4/15/23, 20:46 - ",Kiyotaka Ayanokoji,"I seeğŸ¥²
"
"4/15/23, 20:46 - ",Abimuktheshwar NDA,"But atlast I got one
"
"4/15/23, 20:46 - ",Kiyotaka Ayanokoji,"Fkk by 10kğŸ˜­
"
"4/15/23, 20:46 - ",Abimuktheshwar NDA,"That cut off was
"
"4/15/23, 20:46 - ",Abimuktheshwar NDA,"9lk
"
"4/15/23, 20:46 - ",Abimuktheshwar NDA,"So I got
"
"4/15/23, 20:46 - ",Abimuktheshwar NDA,"Sooo....this time I need my rank a Lil higher
"
"4/15/23, 20:46 - ",Kiyotaka Ayanokoji,"Yeah this time under 1.5 lk for sureğŸ«‚
"
"4/15/23, 20:47 - ",Abimuktheshwar NDA,"Broo wtf
"
"4/15/23, 20:47 - ",Abimuktheshwar NDA,"Let the result come
"
"4/15/23, 20:47 - ",Abimuktheshwar NDA,"ğŸ¤£ğŸ¤£
"
"4/15/23, 20:47 - ",Abimuktheshwar NDA,"I will get above 50ğŸŒ
"
"4/15/23, 20:47 - ",Kiyotaka Ayanokoji,"ğŸ¤£ğŸ¤£yeah
"
"4/15/23, 20:47 - ",Kiyotaka Ayanokoji,"Ur category rank ?ğŸ˜
"
"4/15/23, 20:48 - ",Abimuktheshwar NDA,"Bro I'm sc
"
"4/15/23, 20:48 - ",Abimuktheshwar NDA,"So no issues
"
"4/15/23, 20:48 - ",Abimuktheshwar NDA,"But for ssb no category mattets
"
"4/15/23, 20:48 - ",Abimuktheshwar NDA,"All same
"
"4/15/23, 20:48 - ",Kiyotaka Ayanokoji,"Yeah broğŸ¥²
"
"4/15/23, 20:48 - ",Kiyotaka Ayanokoji,"Mains already cleared ğŸ¥³
"
"4/15/23, 20:48 - ",Abimuktheshwar NDA,"Doesn't matter bro
"
"4/15/23, 20:49 - ",Abimuktheshwar NDA,"ğŸ¥²
"
"4/15/23, 20:49 - ",Kiyotaka Ayanokoji,"Yeah... U focused for ssbğŸ›
"
"4/15/23, 20:49 - ",Abimuktheshwar NDA,"I went to nit calicut
"
"4/15/23, 20:49 - ",Kiyotaka Ayanokoji,"Wow
"
"4/15/23, 20:49 - ",Abimuktheshwar NDA,"It's fucking terror life there
"
"4/15/23, 20:49 - ",Abimuktheshwar NDA,"Sc st PPL r getting ragged so hard
"
"4/15/23, 20:49 - ",Abimuktheshwar NDA,"Idk why they do it
"
"4/15/23, 20:49 - ",Abimuktheshwar NDA,"ğŸ¥²ğŸ¥²
"
"4/15/23, 20:49 - ",Kiyotaka Ayanokoji,"ShitğŸ¥²ğŸ¥²
"
"4/15/23, 20:49 - ",Kiyotaka Ayanokoji,"Thats badğŸ¥²
"
"4/15/23, 20:49 - ",Abimuktheshwar NDA,"I saw it in front
"
"4/15/23, 20:50 - ",Abimuktheshwar NDA,"They were beating the shit of of them
"
"4/15/23, 20:50 - ",Abimuktheshwar NDA,"Like it's ok
"
"4/15/23, 20:50 - ",Abimuktheshwar NDA,"They come with few percentile
"
"4/15/23, 20:50 - ",Abimuktheshwar NDA,"But u should understand our life situation na
"
"4/15/23, 20:50 - ",Abimuktheshwar NDA,"Many sc PPL r emerging only
"
"4/15/23, 20:51 - ",Kiyotaka Ayanokoji,"Yeah bro....i understand ... Ur life was very bad in starting  days of independenceğŸ˜­
"
"4/15/23, 20:51 - ",Abimuktheshwar NDA,"Even now bro
"
"4/15/23, 20:51 - ",Abimuktheshwar NDA,"My grand parents bro
"
"4/15/23, 20:51 - ",Abimuktheshwar NDA,"My aunt uk
"
"4/15/23, 20:51 - ",Kiyotaka Ayanokoji,"Yeah bro.. People with upper class still thinks u like thatğŸ˜­ğŸ˜­
"
"4/15/23, 20:51 - ",Abimuktheshwar NDA,"She was topper in college
"
"4/15/23, 20:51 - ",Abimuktheshwar NDA,"And the proff put less marks to her and said that even if u get less marks u gonna get job
"
"4/15/23, 20:52 - ",Abimuktheshwar NDA,"And uk what hppnd
"
"4/15/23, 20:52 - ",Abimuktheshwar NDA,"She got job now only
"
"4/15/23, 20:52 - ",Abimuktheshwar NDA,"At the age of 40
"
"4/15/23, 20:52 - ",Abimuktheshwar NDA,"ğŸ¥²
"
"4/15/23, 20:52 - ",Kiyotaka Ayanokoji,"Even teacher ğŸ’€ğŸ’€
"
"4/15/23, 20:52 - ",Abimuktheshwar NDA,"He was nair
"
"4/15/23, 20:52 - ",Kiyotaka Ayanokoji,"FkkğŸ¥²ğŸ¥²
"
"4/15/23, 20:52 - ",Abimuktheshwar NDA,"It's high community in kerala
"
"4/15/23, 20:52 - ",Kiyotaka Ayanokoji,"Life in india is very badğŸ˜­
"
"4/15/23, 20:52 - ",Abimuktheshwar NDA,"And when I was in Sainik school too
"
"4/15/23, 20:53 - ",Abimuktheshwar NDA,"Many used to come and mock me
"
"4/15/23, 20:53 - ",Abimuktheshwar NDA,"And say
"
"4/15/23, 20:53 - ",Abimuktheshwar NDA,"U r living with my money
"
"4/15/23, 20:53 - ",Abimuktheshwar NDA,"Ur living for free
"
"4/15/23, 20:53 - ",Abimuktheshwar NDA,"And all
"
"4/15/23, 20:53 - ",Abimuktheshwar NDA,"Bc
"
"4/15/23, 20:53 - ",Kiyotaka Ayanokoji,"ğŸ’€ğŸ’€ Thats very wrong...
"
"4/15/23, 20:53 - ",Kiyotaka Ayanokoji,"Ur days must be very hard thenğŸ˜­
"
"4/15/23, 20:53 - ",Abimuktheshwar NDA,"But uk only my parents earn in my family....and they have to feed the relatives....bcz they don't have any job
"
"4/15/23, 20:54 - ",Kiyotaka Ayanokoji,"I thought people pov had changed but not now ğŸ˜¡ğŸ˜¡
"
"4/15/23, 20:54 - ",Abimuktheshwar NDA,"I didn't care bro....I just laughed and moved
"
"4/15/23, 20:54 - ",Kiyotaka Ayanokoji,"ğŸ› Respect for yr parents
"
"4/15/23, 20:54 - ",Abimuktheshwar NDA,"I mean many would think.....sc st PPL r lucky bcz they will get in with less percentile
"
"4/15/23, 20:54 - ",Abimuktheshwar NDA,"But u have to see the reality of our family
"
"4/15/23, 20:54 - ",Abimuktheshwar NDA,"They may be rich .....but only them
"
"4/15/23, 20:55 - ",Abimuktheshwar NDA,"Not their parents or relatives
"
"4/15/23, 20:55 - ",Abimuktheshwar NDA,"They have to feed all of them
"
"4/15/23, 20:55 - ",Kiyotaka Ayanokoji,"Yeah bro...ğŸ¥²
"
"4/15/23, 20:55 - ",Abimuktheshwar NDA,"ğŸ¥²ğŸ¥²
"
"4/15/23, 20:55 - ",Kiyotaka Ayanokoji,"This is something new i  learnt today
"
"4/15/23, 20:55 - ",Abimuktheshwar NDA,"Even u would have thought ryt
"
"4/15/23, 20:55 - ",Abimuktheshwar NDA,"We r lucky
"
"4/15/23, 20:55 - ",Abimuktheshwar NDA,"But think from our side
"
"4/15/23, 20:55 - ",Abimuktheshwar NDA,"ğŸ¥²ğŸ¥²
"
"4/15/23, 20:56 - ",Kiyotaka Ayanokoji,"Yeah at time of jeeğŸ˜…
"
"4/15/23, 20:56 - ",Kiyotaka Ayanokoji,"But not always ğŸ¥²
"
"4/15/23, 20:56 - ",Abimuktheshwar NDA,"Thoughts will come bro
"
"4/15/23, 20:56 - ",Abimuktheshwar NDA,"If i were gen
"
"4/15/23, 20:56 - ",Abimuktheshwar NDA,"I would have also thought abt this
"
"4/15/23, 20:56 - ",Abimuktheshwar NDA,"It's ok bro ğŸ«‚
"
"4/15/23, 20:56 - ",Abimuktheshwar NDA,"But life for us is not easy
"
"4/15/23, 20:57 - ",Abimuktheshwar NDA,"Many PPL in college started avoiding me aftr they came to know I was sc
"
"4/15/23, 20:57 - ",Abimuktheshwar NDA,"ğŸ¥º
"
"4/15/23, 20:57 - ",Kiyotaka Ayanokoji,"Thats bad yrrğŸ¥²ğŸ¥²
"
"4/15/23, 20:57 - ",Abimuktheshwar NDA,"ğŸ¥²ğŸ¥²
"
"4/15/23, 20:57 - ",Kiyotaka Ayanokoji,"I never did this to anyone in my cllg cause friends are made by vibes and their personality nit by their casteğŸ˜­
"
"4/15/23, 20:58 - ",Abimuktheshwar NDA,"Yeah bro frnds r the only PPL we love for what they r
"
"4/15/23, 20:58 - ",Abimuktheshwar NDA,"Even parents love us just bcz we were born to them
"
"4/15/23, 20:58 - ",Abimuktheshwar NDA,"And if they do this to us .....can we call them as frnds
"
"4/15/23, 20:58 - ",Abimuktheshwar NDA,"ğŸ¥²ğŸ¥²
"
"4/15/23, 20:58 - ",Kiyotaka Ayanokoji,"Yeah
"
"4/15/23, 20:59 - ",Abimuktheshwar NDA,"When PPL debate abt my caste
"
"4/15/23, 20:59 - ",Abimuktheshwar NDA,"I feel very bad bro
"
"4/15/23, 20:59 - ",Abimuktheshwar NDA,"They talk abt us like...we r rotted pigs
"
"4/15/23, 20:59 - ",Abimuktheshwar NDA,"But these all I have gone through a lot
"
"4/15/23, 21:00 - ",Abimuktheshwar NDA,"Soo I don't want them to stay....if they go then let them
"
"4/15/23, 21:00 - ",Abimuktheshwar NDA,"Idgaf
"
"4/15/23, 21:34 - ",Kiyotaka Ayanokoji,"ğŸ«‚ğŸ«‚ğŸ˜­
"
"4/15/23, 23:27 - ",Abimuktheshwar NDA,"ğŸ¥²ğŸ«‚
"
"4/16/23, 12:37 - ",Abimuktheshwar NDA,"Bro Priya saying she's in IIMğŸ¤£
"
"4/16/23, 12:48 - ",Kiyotaka Ayanokoji,"IIM Indore ğŸ˜‚ğŸ˜‚
"
"4/16/23, 12:50 - ",Abimuktheshwar NDA,"Wthell
"
"4/16/23, 12:51 - ",Abimuktheshwar NDA,"She's acting as if she's busyğŸ¤£
"
"4/16/23, 13:10 - ",Kiyotaka Ayanokoji,"mega used to save her like anything... like dont come back to her life again and she will not come back to vedan tele grp..
"
"4/16/23, 13:10 - ",Kiyotaka Ayanokoji,"blah blah...  its better they gone from our life
"
"4/16/23, 13:15 - ",Abimuktheshwar NDA,"It still exist?
"
"4/16/23, 13:15 - ",Abimuktheshwar NDA,"Anyone active there?
"
"4/16/23, 13:16 - ",Kiyotaka Ayanokoji,"yeah sometimes me and aakarsh are there
"
"4/16/23, 13:16 - ",Abimuktheshwar NDA,"ğŸ¤£ğŸ¤£
"
"4/16/23, 13:16 - ",Kiyotaka Ayanokoji,"and drop year students are active
"
"4/16/23, 13:16 - ",Kiyotaka Ayanokoji,"preetie comes too
"
"4/16/23, 13:16 - ",Abimuktheshwar NDA,"Oohhkkk
"
"4/16/23, 13:16 - ",Abimuktheshwar NDA,"Where is varshini
"
"4/16/23, 13:17 - ",Abimuktheshwar NDA,"She's in nit ryt
"
"4/16/23, 13:17 - ",Kiyotaka Ayanokoji,"nit puducherry
"
"4/16/23, 13:17 - ",Abimuktheshwar NDA,"Ooh near her home
"
"4/16/23, 13:17 - ",Abimuktheshwar NDA,"Nit Calicut is sexy bro
"
"4/16/23, 13:17 - ",Abimuktheshwar NDA,"ğŸ¥¹
"
"4/16/23, 13:17 - ",Kiyotaka Ayanokoji,"ig no cause she lives in hostel
"
"4/16/23, 13:17 - ",Kiyotaka Ayanokoji,"i see..
"
"4/16/23, 13:18 - ",Abimuktheshwar NDA,"Her home in pondi only
"
"4/16/23, 13:18 - ",Kiyotaka Ayanokoji,"ohh i dont know much about herğŸ¥²ğŸ¥²
"
"4/16/23, 13:18 - ",Abimuktheshwar NDA,"Oohhkk leave it
"
"4/16/23, 13:18 - ",Abimuktheshwar NDA,"ğŸ¥²ğŸ¥²
"
"4/16/23, 13:19 - ",Kiyotaka Ayanokoji,"she is pursuing ur branch only
"
"4/16/23, 13:19 - ",Kiyotaka Ayanokoji,"eee
"
"4/16/23, 13:19 - ",Abimuktheshwar NDA,"Wthell
"
"4/16/23, 13:19 - ",Abimuktheshwar NDA,"Fucked up then
"
"4/16/23, 13:19 - ",Abimuktheshwar NDA,"Ur which one bro?
"
"4/16/23, 13:19 - ",Abimuktheshwar NDA,"Branch
"
"4/16/23, 13:19 - ",Kiyotaka Ayanokoji,"mine aidsğŸ¤£
"
"4/16/23, 13:19 - ",Kiyotaka Ayanokoji,"ğŸ¤£
"
"4/16/23, 13:19 - ",Abimuktheshwar NDA,"Ai ryt
"
"4/16/23, 13:19 - ",Kiyotaka Ayanokoji,"yeah
"
"4/16/23, 13:19 - ",Abimuktheshwar NDA,"ğŸ¤£ğŸ¤£
"
"4/16/23, 13:19 - ",Abimuktheshwar NDA,"Full form?
"
"4/16/23, 13:20 - ",Kiyotaka Ayanokoji,"artificial intelligence and data science
"
"4/16/23, 13:20 - ",Abimuktheshwar NDA,"Data science is good bro
"
"4/16/23, 13:20 - ",Abimuktheshwar NDA,"U guys r the future core branches
"
"4/16/23, 13:20 - ",Kiyotaka Ayanokoji,"yeah will go abroad for ms
"
"4/16/23, 13:20 - ",Abimuktheshwar NDA,"EEE is fucking bro
"
"4/16/23, 13:20 - ",Kiyotaka Ayanokoji,"yepğŸ¥²
"
"4/16/23, 13:20 - ",Abimuktheshwar NDA,"Suree
"
"4/16/23, 13:21 - ",Abimuktheshwar NDA,"Civil is easiest
"
"4/16/23, 13:21 - ",Kiyotaka Ayanokoji,"demn...
"
"4/16/23, 13:21 - ",Abimuktheshwar NDA,"But nobody joins for civil nowadays
"
"4/16/23, 13:21 - ",Kiyotaka Ayanokoji,"I see... but u happy na?
"
"4/16/23, 13:21 - ",Abimuktheshwar NDA,"ğŸ¤£
"
"4/16/23, 13:22 - ",Abimuktheshwar NDA,"Frnds r good .....and now I'm adjusted to eee so no worriesğŸ¤£
"
"4/16/23, 13:22 - ",Kiyotaka Ayanokoji,"one who wants govt job opt for themğŸ˜…ğŸ˜…
"
"4/16/23, 13:22 - ",Kiyotaka Ayanokoji,"thats goodğŸ¤£
"
"4/16/23, 13:22 - ",Abimuktheshwar NDA,"Yeah ğŸ¤£
"
"4/16/23, 13:22 - ",Abimuktheshwar NDA,"It girls r fucking good mahn
"
"4/16/23, 13:23 - ",Kiyotaka Ayanokoji,"ğŸ¥¹
"
"4/16/23, 13:23 - ",Abimuktheshwar NDA,"IT
"
"4/16/23, 13:23 - ",Abimuktheshwar NDA,"In my college cs is not there
"
"4/16/23, 13:23 - ",Abimuktheshwar NDA,"Soo it
"
"4/16/23, 13:23 - ",Kiyotaka Ayanokoji,"ohh
"
"4/16/23, 13:23 - ",Kiyotaka Ayanokoji,"still ur eee got many
"
"4/16/23, 13:23 - ",Kiyotaka Ayanokoji,"ğŸ¥¸
"
"4/16/23, 13:24 - ",Abimuktheshwar NDA,"No bro
"
"4/16/23, 13:24 - ",Abimuktheshwar NDA,"All r bullshit
"
"4/16/23, 13:24 - ",Abimuktheshwar NDA,"ğŸ¤¢
"
"4/16/23, 13:24 - ",Kiyotaka Ayanokoji,"here 9 girls and 103 boys
"
"4/16/23, 13:24 - ",Kiyotaka Ayanokoji,"most u mean*
"
"4/16/23, 13:24 - ",Abimuktheshwar NDA,"ğŸ¤£ğŸ¤£ğŸ¤£ğŸ¤£ğŸ¤£ğŸ¤£ğŸ¤£ğŸ¤£ğŸ¤£ğŸ¤£ğŸ¤£ğŸ¤£ğŸ¤£ğŸ¤£
"
"4/16/23, 13:25 - ",Abimuktheshwar NDA,"Yeah most
"
"4/16/23, 13:25 - ",Abimuktheshwar NDA,"Some r good looking
"
"4/16/23, 13:25 - ",Abimuktheshwar NDA,"But IT maahnğŸ« ğŸ« 
"
"4/16/23, 13:25 - ",Kiyotaka Ayanokoji,"other wise ss to aleenağŸ¤£
"
"4/16/23, 13:25 - ",Abimuktheshwar NDA,"Broo noooğŸ¤£ğŸ¤£
"
"4/16/23, 13:25 - ",Kiyotaka Ayanokoji,"ğŸ¥¹ğŸ¥¹ photos please
"
"4/16/23, 13:25 - ",Abimuktheshwar NDA,"She will kill me
"
"4/16/23, 13:25 - ",Abimuktheshwar NDA,"Wait lemme check
"
"4/16/23, 13:25 - ",Kiyotaka Ayanokoji,"ğŸ¤£ğŸ¤£
"
"4/16/23, 13:26 - ",Abimuktheshwar NDA,"Bro I don't have in gallery
"
"4/16/23, 13:26 - ",Abimuktheshwar NDA,"Once i get il snd u
"
"4/16/23, 13:26 - ",Kiyotaka Ayanokoji,"<Media omitted>
"
"4/16/23, 13:26 - ",Kiyotaka Ayanokoji,"sure np
"
"4/16/23, 13:26 - ",Abimuktheshwar NDA,"She's cute maahn
"
"4/16/23, 13:26 - ",Abimuktheshwar NDA,"But i like the blue one bettet
"
"4/16/23, 13:27 - ",Kiyotaka Ayanokoji,"she is very older then us
"
"4/16/23, 13:28 - ",Abimuktheshwar NDA,"Even aleena bro
"
"4/16/23, 13:28 - ",Abimuktheshwar NDA,"She's 21
"
"4/16/23, 13:28 - ",Kiyotaka Ayanokoji,"srsly?
"
"4/16/23, 13:28 - ",Abimuktheshwar NDA,"Yeah
"
"4/16/23, 13:28 - ",Abimuktheshwar NDA,"3 yr repeat
"
"4/16/23, 13:28 - ",Kiyotaka Ayanokoji,"demn
"
"4/16/23, 13:28 - ",Abimuktheshwar NDA,"I'm 17
"
"4/16/23, 13:28 - ",Abimuktheshwar NDA,"ğŸ¤£
"
"4/16/23, 13:29 - ",Kiyotaka Ayanokoji,"lmao... u call her by name or akka?
"
"4/16/23, 13:29 - ",Kiyotaka Ayanokoji,"in south u say sis akka na?
"
"4/16/23, 13:29 - ",Abimuktheshwar NDA,"Name bro
"
"4/16/23, 13:30 - ",Kiyotaka Ayanokoji,"ohh
"
"4/16/23, 13:30 - ",Abimuktheshwar NDA,"She get sad if we treat her like 21
"
"4/16/23, 13:30 - ",Abimuktheshwar NDA,"In Tamil we call akka
"
"4/16/23, 13:30 - ",Abimuktheshwar NDA,"In Malayalam we say
"
"4/16/23, 13:30 - ",Abimuktheshwar NDA,"Chechi
"
"4/16/23, 13:30 - ",Kiyotaka Ayanokoji,"ohhh... thats sad
"
"4/16/23, 13:30 - ",Kiyotaka Ayanokoji,"aacha
"
"4/16/23, 13:31 - ",Abimuktheshwar NDA,"So if u chat talk like our age grp only ok
"
"4/16/23, 13:31 - ",Abimuktheshwar NDA,"ğŸ˜Œ
"
"4/16/23, 13:31 - ",Kiyotaka Ayanokoji,"ohh thnx for telling
"
"4/16/23, 13:31 - ",Abimuktheshwar NDA,"Otherwise u will show respect and then she will ask me why did u tell my age
"
"4/16/23, 13:31 - ",Abimuktheshwar NDA,"ğŸ¤£
"
"4/16/23, 13:32 - ",Kiyotaka Ayanokoji,"yeahğŸ¤£
"
"4/16/23, 13:32 - ",Abimuktheshwar NDA,"ğŸ¤£ğŸ¤£
"
"4/16/23, 13:32 - ",Abimuktheshwar NDA,"Tmrw college ryt
"
"4/16/23, 13:32 - ",Abimuktheshwar NDA,"Sat holiday?
"
"4/16/23, 13:32 - ",Kiyotaka Ayanokoji,"yep
"
"4/16/23, 13:32 - ",Abimuktheshwar NDA,"College boring nowadays bro
"
"4/16/23, 13:33 - ",Kiyotaka Ayanokoji,"same bro
"
"4/16/23, 13:33 - ",Abimuktheshwar NDA,"Nowadays not feeling to go
"
"4/16/23, 13:34 - ",Kiyotaka Ayanokoji,"too hot to go outsideğŸ¥¹
"
"4/16/23, 13:36 - ",Abimuktheshwar NDA,"Same here
"
"4/16/23, 23:41 - ",Abimuktheshwar NDA,"Bro I asleep?
"
"4/16/23, 23:42 - ",Abimuktheshwar NDA,"Just wanted to know u have the forwarded chats and pics of her i sent u in tele
"
"4/16/23, 23:42 - ",Kiyotaka Ayanokoji,"No bro.... My tele got deletedğŸ˜­ğŸ˜­
"
"4/16/23, 23:51 - ",Abimuktheshwar NDA,"Ok broğŸ˜—
"
"4/16/23, 23:52 - ",Kiyotaka Ayanokoji,"ğŸ¥²ğŸ¥²
"
"4/16/23, 23:52 - ",Abimuktheshwar NDA,"No worries bro
"
"4/16/23, 23:52 - ",Abimuktheshwar NDA,"Just night thinking as usual
"
"4/16/23, 23:52 - ",Kiyotaka Ayanokoji,"Op
"
"4/16/23, 23:52 - ",Abimuktheshwar NDA,"Have to do something to get over it bro
"
"4/16/23, 23:52 - ",Abimuktheshwar NDA,"I can't do this
"
"4/16/23, 23:52 - ",Kiyotaka Ayanokoji,"I seeğŸ¥²
"
"4/16/23, 23:52 - ",Abimuktheshwar NDA,"I'm only sharing to u all these
"
"4/16/23, 23:52 - ",Kiyotaka Ayanokoji,"Play game bro
"
"4/16/23, 23:53 - ",Abimuktheshwar NDA,"All other frnds r fed up bro....ğŸ« 
"
"4/16/23, 23:53 - ",Kiyotaka Ayanokoji,"Im not
"
"4/16/23, 23:53 - ",Abimuktheshwar NDA,"Yeah bro I know.....only u r the one I feel to share my mood swings
"
"4/16/23, 23:53 - ",Abimuktheshwar NDA,"ğŸ¤£
"
"4/16/23, 23:54 - ",Abimuktheshwar NDA,"Good night bro have a good sleep
"
"4/16/23, 23:54 - ",Abimuktheshwar NDA,"U have clg tmrw ryt
"
"4/16/23, 23:58 - ",Kiyotaka Ayanokoji,"Yeah still i am half awake
"
"4/17/23, 00:02 - ",Abimuktheshwar NDA,"Go to sleep bro
"
"4/17/23, 00:02 - ",Abimuktheshwar NDA,"Gunnieâ¤ï¸
"
"4/17/23, 00:09 - ",Kiyotaka Ayanokoji,"Good night broğŸ˜
"
"4/17/23, 00:09 - ",Kiyotaka Ayanokoji,"ğŸ‘ğŸ‘ğŸ˜‚
"
"5/23/23, 16:35 - ",Kiyotaka Ayanokoji,"Happy journey bro
"
"5/23/23, 16:36 - ",Abimuktheshwar NDA,"Bro lemme get the call up letter for ssb then I willğŸ—¿
"
"5/23/23, 16:40 - ",Kiyotaka Ayanokoji,"ohh
"
"5/23/23, 16:42 - ",Abimuktheshwar NDA,"How's life bro
"
"5/23/23, 16:42 - ",Abimuktheshwar NDA,"Just like in ur dp?
"
"5/23/23, 17:02 - ",Kiyotaka Ayanokoji,"Nope exactly opposite ğŸ˜‚
"
"5/23/23, 17:02 - ",Kiyotaka Ayanokoji,"I love tate so uploaded thisğŸ˜‚
"
"5/23/23, 17:03 - ",Abimuktheshwar NDA,"Hahaha
"
"5/23/23, 17:03 - ",Abimuktheshwar NDA,"Knew it
"
"5/23/23, 17:03 - ",Abimuktheshwar NDA,"<Media omitted>
"
"5/23/23, 17:03 - ",Kiyotaka Ayanokoji,"ğŸ˜‚ğŸ˜‚
"
"5/23/23, 17:04 - ",Abimuktheshwar NDA,"Tate is more heart broken than us
"
"5/23/23, 17:04 - ",Kiyotaka Ayanokoji,"<Media omitted>
"
"5/23/23, 17:04 - ",Abimuktheshwar NDA,"That's why he giving unlimited advice
"
"5/23/23, 17:04 - ",Abimuktheshwar NDA,"ğŸ—¿ğŸ—¿
"
"5/23/23, 17:04 - ",Abimuktheshwar NDA,"Btw how's manya
"
"5/23/23, 17:04 - ",Kiyotaka Ayanokoji,"Yeah i agree...
"
"5/23/23, 17:05 - ",Kiyotaka Ayanokoji,"She is good.... Didnt text her for longğŸ˜‚
"
"5/23/23, 17:05 - ",Abimuktheshwar NDA,"Text her mahn
"
"5/23/23, 17:05 - ",Kiyotaka Ayanokoji,"ğŸ¥²ğŸ¥² i dont know how to start
"
"5/23/23, 17:05 - ",Kiyotaka Ayanokoji,"And what to talk
"
"5/23/23, 17:05 - ",Abimuktheshwar NDA,"Hi bi is enof bro
"
"5/23/23, 17:06 - ",Abimuktheshwar NDA,"Atleast keep in touch na
"
"5/23/23, 17:06 - ",Kiyotaka Ayanokoji,"Yeah
"
"5/23/23, 17:06 - ",Kiyotaka Ayanokoji,"Will do..ğŸ˜…ğŸ¤Œ
"
"5/23/23, 17:07 - ",Abimuktheshwar NDA,"Sure
"
"5/26/23, 08:36 - ",Kiyotaka Ayanokoji,"Hey bro
"
"5/26/23, 08:37 - ",Kiyotaka Ayanokoji,"Happy birthday â¤â¤ğŸ‘‘ğŸ‘‘ğŸ«‚ğŸ‚ğŸ‚
"
"5/26/23, 08:52 - ",Abimuktheshwar NDA,"Thanks maahnğŸ¥¹ğŸ«‚
"
"7/14/23, 11:33 - ",Kiyotaka Ayanokoji,"Where is u bro?
"
"7/14/23, 11:38 - ",Abimuktheshwar NDA,"Bro 7.15
"
"7/14/23, 12:55 - ",Kiyotaka Ayanokoji,"Congratulations
"
"7/14/23, 16:43 - ",Abimuktheshwar NDA,"Thanks bro
"
"7/18/23, 19:57 - ",Abimuktheshwar NDA,"And I'm feeling sad not getting call up letter ğŸ™‚
"
"7/18/23, 19:59 - ",Kiyotaka Ayanokoji,"ğŸ¥ºğŸ¥²
"
"7/18/23, 19:59 - ",Kiyotaka Ayanokoji,"Why god playing with you broğŸ¥²
"
"7/18/23, 19:59 - ",Abimuktheshwar NDA,"Today they announced call up letter
"
"7/18/23, 19:59 - ",Abimuktheshwar NDA,"And I haven't received one yet
"
"7/18/23, 19:59 - ",Kiyotaka Ayanokoji,"ğŸ¥ºğŸ¥º
"
"7/18/23, 19:59 - ",Abimuktheshwar NDA,"Don't know bro last time I got and I got screened out
"
"7/18/23, 19:59 - ",Kiyotaka Ayanokoji,"ğŸ˜­ğŸ˜­
"
"7/18/23, 19:59 - ",Abimuktheshwar NDA,"And tmrw is my series exam
"
"7/18/23, 20:00 - ",Abimuktheshwar NDA,"Ur the first one I'm telling this bro
Feeling lonely after soo long
"
"7/18/23, 20:00 - ",Kiyotaka Ayanokoji,"Good luck broğŸ«‚
"
"7/18/23, 20:00 - ",Kiyotaka Ayanokoji,"ğŸ¥²ğŸ¥² Thnx bro
"
"7/18/23, 20:00 - ",Kiyotaka Ayanokoji,"U can always share with me
"
"7/18/23, 20:00 - ",Abimuktheshwar NDA,"These many days I was admiring of getting recommended and missing my frnds 
But now God made me to remove that thought from my mind
"
"7/18/23, 20:00 - ",Abimuktheshwar NDA,"I was searching whom to share and u popped up
"
"7/18/23, 20:00 - ",Abimuktheshwar NDA,"The best and right one
"
"7/18/23, 20:01 - ",Abimuktheshwar NDA,"Bro my mind is fucked up bcz of this
"
"7/18/23, 20:01 - ",Kiyotaka Ayanokoji,"Dont lose hope bro
"
"7/18/23, 20:01 - ",Abimuktheshwar NDA,"I always make others happy
"
"7/18/23, 20:01 - ",Kiyotaka Ayanokoji,"Bro be chill and focus on tomorrow exam
"
"7/18/23, 20:01 - ",Abimuktheshwar NDA,"And I'm fucked up myself
"
"7/18/23, 20:01 - ",Abimuktheshwar NDA,"ğŸ˜‚
"
"7/18/23, 20:01 - ",Kiyotaka Ayanokoji,"ğŸ¥²ğŸ¥²
"
"7/18/23, 20:02 - ",Abimuktheshwar NDA,"Bro how is clg
"
"7/18/23, 20:02 - ",Kiyotaka Ayanokoji,"Mine is good u say
"
"7/18/23, 20:03 - ",Abimuktheshwar NDA,"Now I'm hitting up with twins broo
"
"7/18/23, 20:03 - ",Kiyotaka Ayanokoji,"Last exam is on 21st
"
"7/18/23, 20:03 - ",Abimuktheshwar NDA,"Both of them r equally close to me ğŸ˜Œ
"
"7/18/23, 20:03 - ",Kiyotaka Ayanokoji,"Share oneğŸ˜‚ğŸ˜­
"
"7/18/23, 20:03 - ",Abimuktheshwar NDA,"Sem exam going on?
"
"7/18/23, 20:03 - ",Kiyotaka Ayanokoji,"RizzğŸ›
"
"7/18/23, 20:03 - ",Kiyotaka Ayanokoji,"Yeah it got postponed due to rain
"
"7/18/23, 20:03 - ",Abimuktheshwar NDA,"Everyone ask me the same ğŸ˜‚
"
"7/18/23, 20:03 - ",Abimuktheshwar NDA,"Oooo nice bro
"
"7/18/23, 20:04 - ",Kiyotaka Ayanokoji,"ğŸ˜‚ğŸ˜‚
"
"7/18/23, 20:04 - ",Abimuktheshwar NDA,"Mine is on aug 14
"
"7/18/23, 20:04 - ",Abimuktheshwar NDA,"Sem exam
"
"7/18/23, 20:04 - ",Kiyotaka Ayanokoji,"Ohh
"
"7/18/23, 20:04 - ",Abimuktheshwar NDA,"Bro I want to come to delhi and have fun with u guys mahn
"
"7/18/23, 20:04 - ",Abimuktheshwar NDA,"I will ask my parents and will come to delhi this sem break
"
"7/18/23, 20:05 - ",Abimuktheshwar NDA,"My surroundings don't feel real tbh
"
"7/18/23, 20:05 - ",Abimuktheshwar NDA,"But u guys r
"
"7/18/23, 20:05 - ",Abimuktheshwar NDA,"Only PPL i believe in are the twins rn
"
"7/18/23, 20:05 - ",Abimuktheshwar NDA,"Idk when they will loose me
"
"7/18/23, 20:10 - ",Kiyotaka Ayanokoji,"Yeah bro come
"
"7/18/23, 20:10 - ",Kiyotaka Ayanokoji,"We gonna rock n roll here with you
"
"7/18/23, 20:10 - ",Kiyotaka Ayanokoji,"Photos?ğŸŒš
"
"7/18/23, 20:12 - ",Abimuktheshwar NDA,"Bro I don't have insta rn
"
"7/18/23, 20:12 - ",Abimuktheshwar NDA,"Once the exams get over I will surely snd u ğŸ˜ˆğŸ˜ˆ
"
"7/18/23, 20:12 - ",Abimuktheshwar NDA,"I deleted insta for now
"
"7/18/23, 20:24 - ",Kiyotaka Ayanokoji,"Sure broğŸŒšğŸ˜‚
"
